Timestamp,MagX,MagY,MagZ,AreaCode,LocationCode
1717672487027,18.075,-30.562502,-20.5125,A,A1
1717672488017,17.90625,-31.650002,-21.375,A,A1
1717672489023,18.018751,-32.081253,-21.525002,A,A1
1717672490012,17.925001,-32.4375,-21.46875,A,A1
1717672491021,17.85,-32.68125,-21.4125,A,A1
1717672492019,17.79375,-32.850002,-21.300001,A,A1
1717672493027,17.737501,-33.075,-21.13125,A,A1
1717672494024,17.75625,-33.300003,-20.8875,A,A1
1717672495029,17.737501,-33.84375,-20.71875,A,A1
1717672496027,17.79375,-34.125,-20.325,A,A1
1717672497039,17.75625,-34.350002,-19.931252,A,A1
1717672498022,17.79375,-34.55625,-19.575,A,A1
1717672499027,17.90625,-34.725002,-19.181252,A,A1
1717672500027,18.0375,-34.893753,-18.862501,A,A1
1717672501030,18.16875,-34.95,-18.675001,A,A1
1717672502034,18.243752,-34.95,-18.6,A,A1
1717672503027,18.243752,-34.987503,-18.487501,A,A1
1717672504023,18.206251,-35.0625,-18.337502,A,A1
1717672505033,18.225,-35.15625,-18.206251,A,A1
1717672506028,18.243752,-35.193752,-18.018751,A,A1
1717672507029,18.225,-35.287502,-17.85,A,A1
1717672508010,18.28125,-35.381252,-17.53125,A,A1
1717672509031,18.431252,-35.49375,-17.04375,A,A1
1717672510016,18.581251,-35.662502,-16.5375,A,A1
1717672511028,18.7875,-35.79375,-16.0125,A,A1
1717672512015,18.993752,-35.925003,-15.525001,A,A1
1717672513026,19.2,-36.09375,-14.981251,A,A1
1717672514012,19.368752,-36.225002,-14.531251,A,A1
1717672515035,19.518751,-36.3375,-14.175,A,A1
1717672516011,19.556252,-36.375,-14.00625,A,A1
1717672517031,19.893751,-36.3375,-13.781251,A,A1
1717672518018,20.19375,-36.112503,-13.9125,A,A1
1717672519028,20.41875,-35.86875,-14.137501,A,A1
1717672520014,20.71875,-35.60625,-14.250001,A,A1
1717672521030,20.962502,-35.362503,-14.418751,A,A1
1717672522013,21.206251,-35.15625,-14.587501,A,A1
1717672523039,21.487501,-34.93125,-14.681251,A,A1
1717672524008,21.825,-34.725002,-14.75625,A,A1
1717672525031,21.75,-34.59375,-15.01875,A,A1
1717672526012,21.69375,-34.59375,-15.01875,A,A1
1717672527037,21.73125,-34.631252,-14.925,A,A1
1717672528012,21.581251,-34.537502,-15.225,A,A1
1717672529030,20.325,-34.256252,-16.743752,A,A1
1717672530007,17.1375,-33.768753,-18.862501,A,A1
1717672531020,13.875001,-33.24375,-20.831251,A,A1
1717672532014,10.33125,-32.8875,-22.425001,A,A1
1717672533026,6.20625,-32.60625,-23.775002,A,A1
1717672534012,1.81875,-32.362503,-24.91875,A,A1
1717672535027,-3.1125002,-32.5125,-25.143751,A,A1
1717672536010,-8.00625,-33.487503,-23.4375,A,A1
1717672537033,-11.137501,-34.95,-19.518751,A,A1
1717672538010,-11.325001,-36.7125,-14.700001,A,A1
1717672539026,-10.5375,-38.456253,-10.1625,A,A1
1717672540017,-9.1125,-39.862503,-5.68125,A,A1
1717672541025,-6.80625,-41.11875,-1.5375,A,A1
1717672542012,-4.275,-42.375,2.5500002,A,A1
1717672543028,-1.125,-43.162502,5.6625004,A,A1
1717672544012,2.04375,-43.21875,7.18125,A,A1
1717672546885,4.6125,-42.881252,7.9500003,A,A1
1717672549323,6.05625,-42.54375,8.118751,A,A1
1717672550374,6.5625005,-42.300003,8.493751,A,A1
1717672551372,6.7125,-42.225002,8.887501,A,A1
1717672552390,6.5625005,-42.28125,9.075001,A,A1
1717672554689,6.5437503,-42.24375,9.0375,A,A1
1717672555673,6.5062504,-42.2625,8.94375,A,A1
1717672556674,6.5625005,-42.206253,9.0375,A,A1
1717672558323,6.7125,-42.206253,8.71875,A,A1
1717672559303,7.1625004,-42.075,8.625,A,A1
1717672560324,8.043751,-41.737503,7.93125,A,A1
1717672561308,9.375,-41.25,6.1312504,A,A1
1717672562322,11.137501,-40.5,3.9562502,A,A1
1717672563308,12.712501,-39.84375,1.85625,A,A1
1717672564316,14.231251,-39.206253,-0.15,A,A1
1717672565305,15.750001,-38.643753,-2.34375,A,A1
1717672566324,17.1,-38.081253,-4.4437504,A,A1
1717672567828,18.28125,-37.575,-6.4500003,A,A1
1717672568572,19.125,-37.2,-7.9125004,A,A1
1717672570035,19.48125,-36.99375,-8.606251,A,A1
1717672570785,19.59375,-37.03125,-8.71875,A,A1
1717672573332,19.7625,-36.99375,-8.681251,A,A1
1717672574312,19.9125,-36.975002,-8.962501,A,A1
1717672575331,20.38125,-36.73125,-9.20625,A,A1
1717672576307,20.6625,-36.600002,-9.6,A,A1
1717672577324,20.85,-36.46875,-10.05,A,A1
1717672578314,20.962502,-36.35625,-10.6125,A,A1
1717672579321,21.0,-36.2625,-11.137501,A,A1
1717672580314,20.925001,-36.09375,-11.700001,A,A1
1717672581333,20.831251,-36.018753,-12.450001,A,A1
1717672582310,20.8125,-35.925003,-12.750001,A,A1
1717672583332,20.475,-36.037502,-13.14375,A,A1
1717672584310,20.34375,-36.018753,-13.387501,A,A1
1717672585328,20.34375,-35.943752,-13.556251,A,A1
1717672586726,20.400002,-35.86875,-13.781251,A,A1
1717672587990,20.493752,-35.831253,-14.025001,A,A1
1717672589924,20.625,-35.79375,-14.062501,A,A1
1717672590902,20.75625,-35.7,-14.00625,A,A1
1717672591922,20.85,-35.625,-14.043751,A,A1
1717672592903,20.868752,-35.568752,-13.9125,A,A1
1717672593923,20.94375,-35.53125,-13.875001,A,A1
1717672594971,20.98125,-35.550003,-13.762501,A,A1
1717672595968,20.94375,-35.7,-13.481251,A,A1
1717672596990,20.962502,-35.8125,-13.125001,A,A1
1717672598006,20.962502,-35.850002,-12.900001,A,A1
1717672599427,21.0375,-35.90625,-12.187501,A,A1
1717672600515,21.13125,-35.8875,-11.700001,A,A1
1717672601506,21.13125,-35.925003,-11.64375,A,A1
1717672602530,21.112501,-35.9625,-11.587501,A,A1
1717672603504,21.056252,-35.9625,-11.64375,A,A1
1717672604528,21.150002,-35.79375,-11.64375,A,A1
1717672605511,21.243752,-35.662502,-11.3625,A,A1
1717672606519,21.28125,-35.643753,-11.231251,A,A1
1717672607514,21.431252,-35.49375,-11.775001,A,A1
1717672608529,21.5625,-35.381252,-12.1125,A,A1
1717672609510,21.900002,-35.11875,-11.981251,A,A1
1717672610523,22.125,-34.987503,-11.925,A,A1
1717672611507,22.3125,-34.7625,-12.31875,A,A1
1717672612529,22.29375,-34.55625,-12.900001,A,A1
1717672613515,22.2,-34.40625,-13.781251,A,A1
1717672614527,22.087502,-34.21875,-14.531251,A,A1
1717672615510,21.73125,-34.2,-15.056251,A,A1
1717672616524,21.45,-34.21875,-15.69375,A,A1
1717672618836,21.0375,-34.256252,-16.556252,A,A1
1717672619810,20.681252,-34.256252,-17.23125,A,A1
1717672620833,20.400002,-34.40625,-17.19375,A,A1
1717672621815,20.23125,-34.575,-17.04375,A,A1
1717672623429,20.15625,-34.74375,-16.931252,A,A1
1717672624403,20.118752,-34.7625,-16.987501,A,A1
1717672625423,18.35625,-34.8375,-18.28125,A,A1
1717672626401,14.2875,-35.0625,-19.3125,A,A1
1717672627406,9.50625,-35.550003,-19.518751,A,A1
1717672628408,5.2875004,-35.79375,-19.556252,A,A1
1717672629413,1.25625,-36.09375,-19.837502,A,A1
1717672630406,-2.8500001,-36.43125,-20.306252,A,A1
1717672631414,-6.9187503,-36.73125,-20.7,A,A1
1717672632404,-11.38125,-37.237503,-20.550001,A,A1
1717672633424,-14.587501,-37.893753,-18.243752,A,A1
1717672634403,-15.356251,-38.60625,-15.431251,A,A1
1717672635423,-14.887501,-39.2625,-12.13125,A,A1
1717672636410,-14.531251,-40.256252,-8.925,A,A1
1717672637421,-14.3625,-41.15625,-5.6062503,A,A1
1717672638404,-14.1,-42.0,-2.1937501,A,A1
1717672639413,-13.9125,-42.862503,1.35,A,A1
1717672640407,-13.312501,-43.612503,4.59375,A,A1
1717672641924,-11.962501,-44.23125,6.8250003,A,A1
1717672642900,-9.975,-44.568752,8.700001,A,A1
1717672643921,-7.6875005,-44.53125,9.09375,A,A1
1717672644900,-5.15625,-44.30625,8.418751,A,A1
1717672645920,-2.4562502,-44.100002,7.6125,A,A1
1717672646909,0.26250002,-43.875,6.8250003,A,A1
1717672647922,2.9437501,-43.631252,6.01875,A,A1
1717673880288,18.6,-25.237501,-29.175001,A,A2
1717673881287,18.675001,-26.00625,-30.843752,A,A2
1717673882289,18.28125,-25.050001,-32.325,A,A2
1717673883281,17.60625,-25.575,-32.71875,A,A2
1717673884288,17.19375,-26.5125,-32.737503,A,A2
1717673885278,17.175001,-27.093752,-32.625,A,A2
1717673886295,17.19375,-27.431252,-32.643753,A,A2
1717673887301,17.2875,-27.54375,-32.662502,A,A2
1717673888301,17.15625,-27.993752,-33.131252,A,A2
1717673889291,16.987501,-28.2,-32.925003,A,A2
1717673890307,17.175001,-28.81875,-32.04375,A,A2
1717673891295,17.400002,-29.062502,-31.81875,A,A2
1717673892302,17.587502,-28.968752,-31.781252,A,A2
1717673893292,17.60625,-28.893751,-31.837502,A,A2
1717673894293,17.53125,-28.875002,-31.781252,A,A2
1717673895287,17.456251,-29.04375,-31.725,A,A2
1717673896337,17.2875,-28.931252,-31.875002,A,A2
1717673897330,16.95,-28.25625,-32.850002,A,A2
1717673898336,17.23125,-27.768751,-34.0125,A,A2
1717673899320,17.643751,-27.862501,-34.350002,A,A2
1717673900326,17.587502,-28.9125,-33.84375,A,A2
1717673901314,16.95,-30.337502,-32.86875,A,A2
1717673902326,16.143751,-32.0625,-31.556252,A,A2
1717673903313,15.0375,-33.881252,-30.075,A,A2
1717673904339,13.687501,-35.850002,-28.425001,A,A2
1717673905308,12.39375,-38.193752,-26.268751,A,A2
1717673906328,10.931251,-40.256252,-24.375002,A,A2
1717673907309,10.06875,-41.287502,-23.1,A,A2
1717673908313,9.7875,-41.1375,-22.837502,A,A2
1717673909335,10.087501,-40.350002,-22.575,A,A2
1717673910325,10.78125,-39.131252,-23.212502,A,A2
1717673911312,11.306251,-37.275,-24.91875,A,A2
1717673912339,11.56875,-34.612503,-27.581251,A,A2
1717673913310,11.625,-32.25,-30.206251,A,A2
1717673914324,10.875,-30.075,-32.775,A,A2
1717673915308,9.4875,-28.275002,-35.04375,A,A2
1717673916327,7.8,-26.625002,-37.18125,A,A2
1717673917316,6.1125,-25.29375,-39.75,A,A2
1717673919027,4.125,-24.075,-41.850002,A,A2
1717673920004,2.5500002,-23.325,-42.975002,A,A2
1717673921014,1.44375,-23.493752,-43.10625,A,A2
1717673922004,-0.28125,-23.400002,-43.21875,A,A2
1717673923022,-2.25,-23.456251,-43.275,A,A2
1717673924010,-4.5,-23.71875,-43.162502,A,A2
1717673925019,-6.9375005,-24.825,-42.43125,A,A2
1717673926007,-9.731251,-26.456251,-41.11875,A,A2
1717673927020,-12.375001,-28.06875,-39.75,A,A2
1717673928004,-14.85,-29.6625,-38.53125,A,A2
1717673929025,-16.95,-31.0125,-37.575,A,A2
1717673930002,-18.225,-32.68125,-36.46875,A,A2
1717673931019,-19.125,-34.18125,-35.325,A,A2
1717673933925,-19.66875,-35.4,-34.350002,A,A2
1717673935079,-19.931252,-35.850002,-33.9,A,A2
1717673936517,-19.743752,-35.79375,-33.99375,A,A2
1717673937504,-19.81875,-36.131252,-33.600002,A,A2
1717673938519,-19.706251,-37.275,-32.287502,A,A2
1717673939500,-19.7625,-38.831253,-30.337502,A,A2
1717673940523,-20.0625,-39.600002,-28.800001,A,A2
1717673941507,-20.643751,-39.84375,-27.562502,A,A2
1717673942521,-20.56875,-39.581253,-27.281252,A,A2
1717673943503,-19.987501,-38.9625,-27.54375,A,A2
1717673944520,-19.5375,-38.287502,-27.806252,A,A2
1717673945502,-19.087502,-37.4625,-28.3875,A,A2
1717673946520,-19.143751,-36.1875,-29.212502,A,A2
1717673947500,-19.125,-35.11875,-29.868752,A,A2
1717673948517,-18.768751,-35.006252,-29.79375,A,A2
1717673949505,-18.13125,-35.362503,-29.38125,A,A2
1717673951228,-18.075,-36.300003,-28.06875,A,A2
1717673952207,-18.300001,-37.893753,-25.66875,A,A2
1717673953222,-17.1,-39.768753,-22.5375,A,A2
1717673954203,-14.437501,-41.362503,-19.78125,A,A2
1717673955221,-10.950001,-42.54375,-17.775002,A,A2
1717673956209,-7.2937503,-43.21875,-16.40625,A,A2
1717673957222,-3.6937501,-43.66875,-15.4125,A,A2
1717673958202,0.075,-43.987503,-14.7375,A,A2
1717673959225,4.425,-44.04375,-14.26875,A,A2
1717673960204,8.925,-43.275,-15.187501,A,A2
1717673961228,12.3,-42.487503,-16.6875,A,A2
1717673962206,13.837501,-42.24375,-17.456251,A,A2
1717673963220,14.175,-42.412502,-17.53125,A,A2
1717673964212,13.481251,-42.84375,-17.4375,A,A2
1717673965220,11.71875,-43.21875,-17.212502,A,A2
1717673966207,9.84375,-43.78125,-16.725,A,A2
1717673967218,7.425,-44.49375,-16.087502,A,A2
1717673968208,5.34375,-45.412502,-15.1125,A,A2
1717673969228,3.6937501,-46.03125,-14.45625,A,A2
1717673970203,2.5125,-46.29375,-14.400001,A,A2
1717673971225,1.66875,-46.4625,-14.325001,A,A2
1717673972210,1.575,-46.518753,-14.2875,A,A2
1717673973221,2.5875,-46.575,-14.38125,A,A2
1717673974922,2.8500001,-46.631252,-14.325001,A,A2
1717673975903,1.3125,-46.068752,-14.625001,A,A2
1717673976922,-0.93750006,-45.075,-15.356251,A,A2
1717673977903,-3.91875,-43.85625,-16.35,A,A2
1717673978923,-6.58125,-42.43125,-17.5125,A,A2
1717673979909,-9.056251,-40.818752,-19.10625,A,A2
1717673980921,-11.6625,-39.28125,-20.90625,A,A2
1717673981905,-14.325001,-37.575,-23.212502,A,A2
1717673982927,-16.556252,-36.225002,-25.462502,A,A2
1717673983904,-17.15625,-36.43125,-25.968752,A,A2
1717673984924,-17.268751,-38.23125,-24.112501,A,A2
1717673985902,-17.362501,-40.331253,-21.73125,A,A2
1717673986924,-17.6625,-42.412502,-19.275002,A,A2
1717673987907,-18.1875,-44.381252,-17.081251,A,A2
1717673988916,-18.65625,-46.18125,-14.887501,A,A2
1717673989906,-19.10625,-48.075,-12.3,A,A2
1717673990920,-19.2,-49.612503,-9.88125,A,A2
1717673991902,-19.181252,-50.2125,-8.775001,A,A2
1717673992921,-19.59375,-50.006252,-9.1125,A,A2
1717673993903,-20.00625,-49.800003,-9.5625,A,A2
1717673994926,-20.268751,-49.612503,-9.918751,A,A2
1717673995911,-20.38125,-49.55625,-10.03125,A,A2
1717673996916,-20.4375,-49.537502,-10.087501,A,A2
1717673997775,-20.587502,-49.4625,-9.88125,A,A2
1717673999034,-20.60625,-49.48125,-9.95625,A,A2
1717674001028,-20.625,-49.518753,-10.06875,A,A2
1717674002528,-20.60625,-49.537502,-10.21875,A,A2
1717674004593,-20.625,-49.425003,-10.368751,A,A2
1717674007027,-20.6625,-49.3875,-10.556251,A,A2
1717674008638,-20.643751,-49.36875,-10.668751,A,A2
1717674010084,-20.550001,-49.36875,-10.725,A,A2
1717674011074,-20.306252,-49.48125,-11.043751,A,A2
1717674013182,-20.268751,-49.406254,-11.19375,A,A2
1717674015328,-20.25,-49.425003,-11.2875,A,A2
1717674016303,-20.25,-49.36875,-11.306251,A,A2
1717674017326,-20.15625,-49.425003,-11.306251,A,A2
1717674018301,-20.118752,-49.350002,-11.4375,A,A2
1717674019317,-19.987501,-48.91875,-11.625,A,A2
1717674020307,-19.0125,-48.6375,-11.55,A,A2
1717674021317,-17.04375,-48.54375,-11.00625,A,A2
1717674022311,-14.83125,-48.468754,-10.293751,A,A2
1717674023317,-12.675,-48.375004,-9.6,A,A2
1717674024306,-10.556251,-48.35625,-8.94375,A,A2
1717674025317,-8.53125,-48.35625,-8.19375,A,A2
1717674027122,-6.4125004,-48.393753,-7.4625,A,A2
1717674028102,-4.425,-48.787502,-6.5625005,A,A2
1717674029119,-3.35625,-49.0125,-6.0,A,A2
1717674030932,-3.2250001,-49.050003,-5.86875,A,A2
1717674032120,-3.3187501,-49.125004,-5.8875003,A,A2
1717674033109,-3.35625,-49.10625,-5.7937503,A,A2
1717674034292,-3.3187501,-49.10625,-5.8125,A,A2
1717674035299,-3.2812502,-49.068752,-5.86875,A,A2
1717674036315,-3.35625,-49.0875,-5.83125,A,A2
1717674037305,-3.35625,-49.050003,-5.9437504,A,A2
1717674038302,-3.3375,-49.031254,-6.01875,A,A2
1717674039303,-3.35625,-48.99375,-6.1125,A,A2
1717674040313,-3.3750002,-48.91875,-6.15,A,A2
1717674041300,-3.45,-48.937504,-6.3187504,A,A2
1717674043532,-3.5812502,-48.937504,-6.4500003,A,A2
1717674044511,-3.6562502,-48.937504,-6.5625005,A,A2
1717674045527,-3.7687502,-48.9,-6.6562505,A,A2
1717674046510,-3.7875001,-48.91875,-6.6375003,A,A2
1717674047524,-2.4562502,-48.768753,-6.6375003,A,A2
1717674048517,0.54375005,-47.49375,-8.025001,A,A2
1717674049525,4.0125003,-45.65625,-10.51875,A,A2
1717674050511,7.33125,-43.95,-13.181251,A,A2
1717674051517,10.8,-42.45,-15.468751,A,A2
1717674052511,14.00625,-40.800003,-18.1875,A,A2
1717674220054,29.41875,-9.675,-35.362503,B,B1
1717674221039,23.681252,-16.125,-38.1375,B,B1
1717674222044,20.90625,-20.118752,-38.4,B,B1
1717674223045,19.35,-22.518751,-38.625,B,B1
1717674224043,19.0125,-24.337502,-37.93125,B,B1
1717674225042,18.6,-26.812502,-36.28125,B,B1
1717674226054,17.775002,-29.19375,-34.537502,B,B1
1717674227053,17.025002,-31.06875,-33.2625,B,B1
1717674228056,14.868751,-35.362503,-31.837502,B,B1
1717674229051,14.306251,-37.96875,-29.775002,B,B1
1717674230632,14.156251,-39.862503,-27.956251,B,B1
1717674231625,14.137501,-41.5125,-26.1375,B,B1
1717674232628,13.89375,-42.61875,-24.937502,B,B1
1717674233620,13.781251,-40.350002,-26.5125,B,B1
1717674234626,12.993751,-34.0125,-29.493752,B,B1
1717674235624,12.375001,-27.13125,-32.41875,B,B1
1717674236627,13.14375,-20.98125,-34.987503,B,B1
1717674238103,13.89375,-14.981251,-37.59375,B,B1
1717674239079,14.55,-8.962501,-40.2,B,B1
1717674240093,15.1125,-3.075,-42.80625,B,B1
1717674241076,15.58125,2.625,-45.28125,B,B1
1717674242101,16.06875,5.8500004,-45.881252,B,B1
1717674243083,17.71875,5.5875,-45.5625,B,B1
1717674244094,19.29375,4.78125,-45.300003,B,B1
1717674245093,19.425001,4.70625,-45.43125,B,B1
1717674246097,19.44375,4.70625,-45.46875,B,B1
1717674247079,19.462502,4.6875,-45.46875,B,B1
1717674248101,19.5,4.7250004,-45.43125,B,B1
1717674249078,19.5375,4.6875,-45.45,B,B1
1717674250095,19.5375,4.74375,-45.46875,B,B1
1717674251085,19.5375,4.7250004,-45.525,B,B1
1717674252098,19.5375,4.7625003,-45.46875,B,B1
1717674253093,19.5375,4.78125,-45.487503,B,B1
1717674254090,19.5375,4.8187504,-45.45,B,B1
1717674255081,19.5375,4.8562503,-45.46875,B,B1
1717674256103,19.5375,4.8562503,-45.506252,B,B1
1717674257077,19.518751,4.8562503,-45.506252,B,B1
1717674258099,19.5375,4.8375,-45.412502,B,B1
1717674259078,19.518751,4.8187504,-45.393753,B,B1
1717674260110,19.59375,4.8375,-45.35625,B,B1
1717674261101,19.931252,4.0125003,-45.037502,B,B1
1717674262120,20.53125,0.69375,-44.60625,B,B1
1717674263098,20.19375,-2.025,-44.2125,B,B1
1717674264117,19.66875,-4.3875003,-43.93125,B,B1
1717674265386,19.050001,-6.76875,-43.6875,B,B1
1717674266370,18.431252,-9.20625,-43.518753,B,B1
1717674267396,17.831251,-11.606251,-43.2,B,B1
1717674268377,17.19375,-13.9875,-43.050003,B,B1
1717674269395,16.3125,-15.543751,-43.0875,B,B1
1717674270373,15.13125,-14.606251,-43.3125,B,B1
1717674271395,14.906251,-14.2875,-43.4625,B,B1
1717674272376,14.85,-14.343751,-43.5,B,B1
1717674273395,14.906251,-14.26875,-43.48125,B,B1
1717674274378,14.94375,-14.26875,-43.443752,B,B1
1717674275399,14.94375,-14.26875,-43.55625,B,B1
1717674276373,14.962501,-14.250001,-43.518753,B,B1
1717674277396,14.906251,-14.26875,-43.5,B,B1
1717674278376,14.906251,-14.2875,-43.4625,B,B1
1717674279395,14.887501,-14.231251,-43.40625,B,B1
1717674280381,14.925,-14.137501,-43.350002,B,B1
1717674281394,14.906251,-14.137501,-43.36875,B,B1
1717674282378,14.925,-14.118751,-43.40625,B,B1
1717674283390,14.94375,-14.062501,-43.29375,B,B1
1717674284376,14.887501,-14.08125,-43.3125,B,B1
1717674285396,14.906251,-14.08125,-43.29375,B,B1
1717674286375,14.906251,-14.118751,-43.29375,B,B1
1717674287397,14.887501,-14.156251,-43.29375,B,B1
1717674289226,14.906251,-13.875001,-43.3875,B,B1
1717674290203,15.39375,-13.425,-43.331253,B,B1
1717674291210,16.837502,-13.087501,-42.600002,B,B1
1717674292202,14.400001,-17.306252,-39.300003,B,B1
1717674293219,9.431251,-20.90625,-36.3375,B,B1
1717674294208,4.275,-24.431252,-33.487503,B,B1
1717674295221,-0.99375004,-27.91875,-30.618752,B,B1
1717674296206,-6.1875005,-31.556252,-27.73125,B,B1
1717674297228,-11.4375,-35.49375,-24.73125,B,B1
1717674298203,-17.19375,-39.600002,-21.7875,B,B1
1717674299222,-23.98125,-43.518753,-19.40625,B,B1
1717674300202,-26.737501,-43.03125,-19.59375,B,B1
1717674301222,-26.94375,-43.162502,-19.425001,B,B1
1717674302208,-26.493752,-43.125,-19.875,B,B1
1717674303220,-24.993752,-42.73125,-21.150002,B,B1
1717674304205,-22.893751,-41.850002,-22.875,B,B1
1717674305215,-20.23125,-40.8375,-24.73125,B,B1
1717674306204,-17.2875,-40.0125,-26.437502,B,B1
1717674307222,-14.343751,-39.28125,-28.275002,B,B1
1717674308201,-11.56875,-38.325,-30.243752,B,B1
1717674309221,-8.7375,-37.40625,-31.968752,B,B1
1717674310208,-6.4500003,-36.768753,-33.112503,B,B1
1717674311218,-5.0625,-36.525,-33.375,B,B1
1717674312207,-4.4812503,-36.6375,-33.3375,B,B1
1717674313219,-4.425,-36.91875,-33.1875,B,B1
1717674314202,-4.5,-37.0125,-33.206253,B,B1
1717674315225,-4.59375,-37.0875,-33.318752,B,B1
1717674316203,-4.6687503,-37.068752,-33.43125,B,B1
1717674317223,-4.6875,-36.84375,-33.80625,B,B1
1717674318200,-4.14375,-36.693752,-33.84375,B,B1
1717674319216,-3.45,-36.3375,-33.9375,B,B1
1717674320205,-2.5125,-35.90625,-33.99375,B,B1
1717674321217,-0.88125,-35.568752,-33.84375,B,B1
1717674322205,1.725,-35.943752,-32.5875,B,B1
1717674323227,4.7250004,-36.61875,-30.562502,B,B1
1717674324201,7.74375,-37.48125,-28.275002,B,B1
1717674325225,10.668751,-38.49375,-25.95,B,B1
1717674326202,13.031251,-39.43125,-23.831251,B,B1
1717674327725,15.225,-40.612503,-21.69375,B,B1
1717674328710,17.2875,-41.86875,-19.518751,B,B1
1717674330528,18.675001,-43.0875,-17.60625,B,B1
1717674331505,18.956251,-43.537502,-16.63125,B,B1
1717674332518,18.862501,-43.66875,-16.3875,B,B1
1717674333795,18.806252,-43.8375,-16.237501,B,B1
1717674336434,18.618752,-44.34375,-14.981251,B,B1
1717674337411,16.612501,-45.412502,-12.468751,B,B1
1717674338431,13.406251,-46.425003,-9.69375,B,B1
1717674339416,10.125,-47.53125,-7.0312505,B,B1
1717674340430,7.51875,-48.750004,-4.9875,B,B1
1717674341414,5.925,-49.7625,-3.9375002,B,B1
1717674342429,4.59375,-50.775,-3.2250001,B,B1
1717674343412,4.03125,-51.73125,-3.0375001,B,B1
1717674344435,4.2937503,-51.35625,-5.5125003,B,B1
1717674345410,6.80625,-49.2,-10.1625,B,B1
1717674346430,10.368751,-46.40625,-15.6,B,B1
1717674347418,13.6125,-42.975002,-21.1875,B,B1
1717674348431,15.13125,-39.487503,-26.1375,B,B1
1717674349415,15.337501,-36.300003,-30.13125,B,B1
1717674350429,15.450001,-33.05625,-33.75,B,B1
1717674351413,14.962501,-29.94375,-36.787502,B,B1
1717674352432,13.781251,-27.768751,-38.2125,B,B1
1717674353410,12.150001,-26.79375,-38.831253,B,B1
1717674354432,10.668751,-26.5125,-38.86875,B,B1
1717674355417,9.543751,-26.79375,-38.5875,B,B1
1717674356432,9.525001,-26.962502,-38.268753,B,B1
1717674357416,9.50625,-26.868752,-38.268753,B,B1
1717674358428,9.13125,-26.962502,-37.987503,B,B1
1717674359413,8.400001,-27.018751,-37.48125,B,B1
1717674360433,7.2187505,-27.225,-36.91875,B,B1
1717674361415,6.4687505,-27.45,-36.2625,B,B1
1717674362433,5.775,-27.675001,-35.7,B,B1
1717674363412,5.0062504,-27.900002,-35.11875,B,B1
1717674364431,4.1625004,-28.143751,-34.537502,B,B1
1717674365416,3.5625002,-28.500002,-33.80625,B,B1
1717674366429,3.16875,-28.706251,-33.43125,B,B1
1717674367417,2.9437501,-28.931252,-33.35625,B,B1
1717674368436,3.0937502,-28.893751,-33.412502,B,B1
1717674369412,2.8312502,-29.025002,-33.35625,B,B1
1717674370435,2.15625,-29.493752,-33.206253,B,B1
1717674371414,1.2375001,-30.150002,-32.943752,B,B1
1717674372428,0.1875,-30.88125,-32.7,B,B1
1717674373419,-0.975,-31.706251,-32.325,B,B1
1717674374428,-2.1937501,-32.568752,-31.931252,B,B1
1717674376417,-3.3937502,-33.46875,-31.575,B,B1
1717674377403,-4.6125,-34.425003,-31.087502,B,B1
1717674378425,-5.86875,-35.2125,-30.750002,B,B1
1717674379401,-6.675,-35.60625,-30.468752,B,B1
1717674380421,-7.18125,-35.756252,-30.375002,B,B1
1717674381412,-7.4812503,-35.8875,-30.2625,B,B1
1717674382420,-7.6125,-35.943752,-30.187502,B,B1
1717674383726,-7.9687505,-35.775,-30.300001,B,B1
1717674384702,-7.9687505,-35.550003,-30.50625,B,B1
1717674385725,-7.4812503,-35.11875,-31.10625,B,B1
1717674386704,-6.2812505,-34.631252,-31.893751,B,B1
1717674387722,-4.03125,-34.10625,-32.49375,B,B1
1717674388709,-1.81875,-33.581253,-33.018753,B,B1
1717674389718,0.375,-33.112503,-33.525,B,B1
1717674390706,2.5500002,-32.7,-34.10625,B,B1
1717674393632,5.025,-32.49375,-34.537502,B,B1
1717674394607,7.1250005,-32.30625,-34.78125,B,B1
1717674395631,8.75625,-32.362503,-34.725002,B,B1
1717674396615,9.431251,-32.4375,-34.518753,B,B1
1717674397616,7.4625,-32.4,-34.706253,B,B1
1717674398613,3.9750001,-32.86875,-33.99375,B,B1
1717674399619,0.28125,-33.75,-32.49375,B,B1
1717674400608,-3.075,-34.875,-30.825,B,B1
1717674401631,-6.4687505,-35.943752,-29.118752,B,B1
1717674402608,-9.7875,-36.99375,-27.54375,B,B1
1717674403622,-12.975,-38.006252,-26.00625,B,B1
1717674404607,-15.993751,-39.037502,-24.487501,B,B1
1717674405626,-17.41875,-40.21875,-22.743752,B,B1
1717674406615,-17.23125,-40.93125,-21.91875,B,B1
1717674407622,-16.78125,-41.15625,-21.9375,B,B1
1717674408608,-16.6875,-41.1375,-22.050001,B,B1
1717674409627,-16.5375,-41.175003,-22.143751,B,B1
1717674410615,-16.40625,-41.193752,-22.181252,B,B1
1717674411628,-16.612501,-41.68125,-21.16875,B,B1
1717674412611,-15.993751,-42.787502,-18.900002,B,B1
1717674413626,-14.85,-44.025,-16.3875,B,B1
1717674414610,-13.25625,-45.225002,-14.025001,B,B1
1717674415632,-11.231251,-46.3125,-11.512501,B,B1
1717674416607,-9.76875,-47.081253,-9.9375,B,B1
1717674417628,-8.587501,-47.381252,-9.0375,B,B1
1717674418613,-8.08125,-47.79375,-8.08125,B,B1
1717674419627,-8.56875,-47.34375,-8.868751,B,B1
1717674420614,-9.618751,-45.956253,-11.94375,B,B1
1717674421623,-10.81875,-44.2125,-15.918751,B,B1
1717674422608,-12.6,-42.43125,-19.81875,B,B1
1717674424208,-15.075001,-40.36875,-24.018751,B,B1
1717674557414,-20.925001,-21.825,-28.500002,B,B2
1717674558412,-23.306252,-24.712502,-27.431252,B,B2
1717674559421,-23.962502,-23.962502,-28.368752,B,B2
1717674560411,-24.4125,-23.268751,-28.81875,B,B2
1717674561421,-24.468752,-22.1625,-29.268751,B,B2
1717674562413,-23.212502,-21.206251,-29.812502,B,B2
1717674563430,-19.931252,-20.325,-31.1625,B,B2
1717674564430,-15.806251,-20.38125,-32.1375,B,B2
1717674565431,-11.64375,-20.41875,-33.600002,B,B2
1717674566429,-8.15625,-19.462502,-35.7,B,B2
1717674567440,-6.39375,-19.85625,-36.768753,B,B2
1717674568424,-5.4375,-21.09375,-37.10625,B,B2
1717674569431,-4.8,-22.650002,-37.29375,B,B2
1717674570424,-5.175,-24.300001,-37.350002,B,B2
1717674571429,-7.5937505,-26.1,-36.581253,B,B2
1717674573319,-11.700001,-27.206251,-35.86875,B,B2
1717674574316,-15.656251,-28.125002,-34.55625,B,B2
1717674575320,-18.28125,-29.306252,-32.5125,B,B2
1717674576310,-19.5,-30.13125,-30.581251,B,B2
1717674577319,-20.1,-31.06875,-28.85625,B,B2
1717674578303,-20.53125,-32.15625,-27.35625,B,B2
1717674579318,-21.075,-33.206253,-25.800001,B,B2
1717674580305,-21.28125,-33.6375,-25.312502,B,B2
1717674581316,-20.643751,-33.318752,-25.725,B,B2
1717674582302,-20.2875,-33.131252,-26.56875,B,B2
1717674583325,-20.00625,-32.9625,-27.69375,B,B2
1717674586128,-19.48125,-32.4375,-29.2875,B,B2
1717674587104,-18.65625,-31.10625,-31.331251,B,B2
1717674588128,-17.868752,-29.75625,-33.1875,B,B2
1717674589101,-17.1,-28.5375,-34.912502,B,B2
1717674590119,-15.431251,-27.525002,-36.28125,B,B2
1717674591109,-11.925,-27.6375,-36.318752,B,B2
1717674592119,-7.33125,-28.331251,-35.268753,B,B2
1717674593106,-2.68125,-29.212502,-34.125,B,B2
1717674594117,1.8750001,-29.868752,-33.28125,B,B2
1717674595106,5.5125003,-29.60625,-33.6375,B,B2
1717674596125,7.4812503,-28.500002,-34.65,B,B2
1717674597103,7.8187504,-27.675001,-35.362503,B,B2
1717674598122,6.61875,-27.656252,-35.11875,B,B2
1717674599108,2.1937501,-27.825,-34.59375,B,B2
1717674600116,-2.625,-27.581251,-35.11875,B,B2
1717674601107,-7.8562503,-26.98125,-35.79375,B,B2
1717674602119,-12.7875,-26.475,-36.1875,B,B2
1717674603103,-16.9125,-26.925001,-35.550003,B,B2
1717674604125,-19.368752,-28.125002,-34.275,B,B2
1717674605102,-20.1,-29.00625,-33.318752,B,B2
1717674606122,-20.625,-29.437502,-32.643753,B,B2
1717674607108,-20.6625,-29.306252,-32.5875,B,B2
1717674608115,-21.13125,-28.9125,-32.5875,B,B2
1717674609105,-21.28125,-28.7625,-32.475002,B,B2
1717674610118,-21.73125,-29.306252,-31.706251,B,B2
1717674611103,-21.4125,-31.25625,-29.062502,B,B2
1717674612125,-18.65625,-33.9375,-25.500002,B,B2
1717674613103,-15.01875,-36.600002,-21.7875,B,B2
1717674614125,-11.3625,-39.318752,-18.16875,B,B2
1717674615100,-7.6875005,-42.05625,-14.55,B,B2
1717674616114,-3.9,-44.68125,-10.8,B,B2
1717674617107,-0.1875,-47.287502,-7.2187505,B,B2
1717674620234,3.6937501,-49.36875,-4.40625,B,B2
1717674621206,6.9,-49.987503,-3.3187501,B,B2
1717674622228,7.6875005,-49.912502,-3.2812502,B,B2
1717674623206,7.9875,-49.781254,-3.8812501,B,B2
1717674624224,8.137501,-49.781254,-4.275,B,B2
1717674625213,8.2875,-49.800003,-4.6125,B,B2
1717674626226,7.425,-49.968754,-4.6687503,B,B2
1717674627210,5.1937504,-49.968754,-4.78125,B,B2
1717674628222,2.7,-49.8375,-4.89375,B,B2
1717674629211,0.26250002,-49.7625,-5.08125,B,B2
1717674630229,-2.1937501,-49.66875,-5.08125,B,B2
1717674631208,-4.89375,-49.687504,-4.7250004,B,B2
1717674632228,-7.4625,-49.631252,-4.3875003,B,B2
1717674633215,-9.993751,-49.48125,-4.18125,B,B2
1717674634227,-12.13125,-49.050003,-4.6875,B,B2
1717674635213,-12.918751,-48.562504,-5.2125,B,B2
1717674636220,-12.31875,-48.281254,-5.2125,B,B2
1717674637209,-10.8,-47.90625,-4.7250004,B,B2
1717674638229,-8.83125,-47.49375,-4.21875,B,B2
1717674639208,-6.95625,-47.025,-3.6000001,B,B2
1717674640222,-5.025,-46.575,-3.05625,B,B2
1717674641214,-3.0937502,-46.2,-2.5125,B,B2
1717674643089,-0.65625,-45.99375,-1.63125,B,B2
1717674644074,1.81875,-45.975002,-0.52500004,B,B2
1717674646195,3.2625,-45.84375,0.13125001,B,B2
1717674647179,3.7500002,-45.768753,0.28125,B,B2
1717674648320,4.0875,-45.7125,0.1875,B,B2
1717674649309,5.1375003,-45.525,-0.61875004,B,B2
1717674650328,7.0125003,-44.850002,-2.11875,B,B2
1717674651308,9.0375,-43.96875,-3.9562502,B,B2
1717674652323,11.08125,-43.10625,-5.775,B,B2
1717674653306,13.200001,-42.206253,-7.6312504,B,B2
1717674654323,15.281251,-41.362503,-9.356251,B,B2
1717674656335,17.306252,-40.443752,-11.3625,B,B2
1717674657311,19.03125,-39.112503,-14.00625,B,B2
1717674658333,20.268751,-38.193752,-15.825001,B,B2
1717674659308,20.38125,-37.631252,-17.475,B,B2
1717674660324,20.550001,-37.3875,-18.487501,B,B2
1717674661315,20.737501,-37.143753,-19.5375,B,B2
1717674662323,20.8125,-36.9,-20.643751,B,B2
1717674663316,20.831251,-36.600002,-21.900002,B,B2
1717674664324,20.737501,-36.225002,-23.0625,B,B2
1717674665309,19.575,-35.79375,-24.6,B,B2
1717674666333,17.081251,-34.95,-26.718752,B,B2
1717674667308,14.45625,-34.2,-28.368752,B,B2
1717674668330,11.4375,-33.3375,-30.2625,B,B2
1717674669318,8.418751,-32.475002,-32.15625,B,B2
1717674670325,5.4187503,-31.706251,-34.0125,B,B2
1717674671315,2.4750001,-31.0125,-35.775,B,B2
1717674672324,-0.3375,-30.431252,-37.3125,B,B2
1717674673829,-1.9875001,-30.4125,-37.66875,B,B2
1717674675327,-2.5500002,-30.581251,-37.5,B,B2
1717674676302,-2.625,-30.656252,-37.18125,B,B2
1717674677325,-2.5687501,-30.768751,-37.068752,B,B2
1717674678691,-2.5687501,-30.843752,-36.91875,B,B2
1717674680431,-2.5875,-30.862501,-36.862503,B,B2
1717674681512,-2.68125,-30.843752,-36.675003,B,B2
1717674682504,-3.6750002,-31.1625,-36.24375,B,B2
1717674683524,-5.1375003,-31.35,-35.831253,B,B2
1717674684505,-6.80625,-31.593752,-35.325,B,B2
1717674685522,-8.55,-32.006252,-34.7625,B,B2
1717674686511,-10.33125,-32.456253,-34.050003,B,B2
1717674687524,-12.39375,-33.300003,-32.662502,B,B2
1717674688509,-14.587501,-34.4625,-30.112501,B,B2
1717674689523,-15.918751,-36.131252,-26.268751,B,B2
1717674690505,-13.725,-37.36875,-22.21875,B,B2
1717674691527,-9.918751,-38.2125,-18.825,B,B2
1717674692508,-6.3750005,-38.775,-15.618751,B,B2
1717674693524,-2.4562502,-39.09375,-12.656251,B,B2
1717674694515,1.8000001,-39.3375,-10.1625,B,B2
1717674695524,6.6000004,-39.018753,-8.64375,B,B2
1717674696510,11.6625,-38.30625,-8.45625,B,B2
1717674697523,16.03125,-37.050003,-9.8625,B,B2
1717674698508,17.737501,-35.90625,-11.6625,B,B2
1717674699532,18.337502,-35.175003,-12.937501,B,B2
1717674700507,19.3875,-34.65,-14.400001,B,B2
1717674701523,19.95,-34.256252,-15.95625,B,B2
1717674702505,19.63125,-33.6375,-17.75625,B,B2
1717674703521,18.975,-32.90625,-20.19375,B,B2
1717674704511,17.2875,-31.650002,-23.118752,B,B2
1717674705518,15.187501,-30.150002,-26.2875,B,B2
1717674706509,13.44375,-28.650002,-29.550001,B,B2
1717674707519,11.962501,-27.187502,-32.5875,B,B2
1717674708507,10.425,-25.743752,-35.49375,B,B2
1717674709524,9.01875,-24.2625,-38.175003,B,B2
1717674710501,7.93125,-23.90625,-39.65625,B,B2
1717674711525,6.39375,-24.768751,-39.787502,B,B2
1717674712512,4.2375,-25.7625,-39.318752,B,B2
1717674713522,1.7437501,-26.925001,-38.30625,B,B2
1717674714508,-1.63125,-28.10625,-37.068752,B,B2
1717674715517,-5.5875,-29.175001,-35.86875,B,B2
1717674716508,-9.4875,-30.487501,-34.443752,B,B2
1717674717525,-13.44375,-32.25,-32.5125,B,B2
1717674718505,-16.800001,-33.225002,-31.087502,B,B2
1717674719523,-19.725,-33.037502,-30.112501,B,B2
1717674720504,-20.90625,-33.0,-28.9125,B,B2
1717674721525,-21.487501,-32.925003,-27.618752,B,B2
1717674722510,-21.65625,-32.737503,-26.400002,B,B2
1717674723523,-21.581251,-32.662502,-25.237501,B,B2
1717674724506,-21.54375,-32.34375,-24.2625,B,B2
1717674725526,-21.337502,-31.66875,-23.737501,B,B2
1717674726505,-21.45,-30.956251,-23.23125,B,B2
1717674727523,-21.618752,-30.4125,-22.59375,B,B2
1717674728501,-22.087502,-30.375002,-21.6,B,B2
1717674729522,-22.40625,-30.50625,-20.737501,B,B2
1717674730508,-22.275002,-31.556252,-19.3875,B,B2
1717674731524,-20.60625,-33.91875,-16.48125,B,B2
1717674732510,-16.743752,-36.393753,-13.51875,B,B2
1717674733523,-12.675,-38.850002,-10.89375,B,B2
1717674734504,-8.15625,-41.1375,-8.15625,B,B2
1717674735525,-3.24375,-43.256252,-6.01875,B,B2
1717674736504,1.5375,-45.1875,-4.2937503,B,B2
1717674737524,5.7562504,-47.193752,-2.53125,B,B2
1717674738511,9.618751,-48.43125,-1.29375,B,B2
1717674739519,11.925,-48.35625,-1.3687501,B,B2
1717674740508,12.13125,-48.187504,-1.5937501,B,B2
1717674741519,12.056251,-47.98125,-1.63125,B,B2
1717674742509,11.55,-47.90625,-1.8000001,B,B2
1717674743532,10.837501,-48.075,-1.48125,B,B2
1717674744503,10.40625,-48.15,-1.1625,B,B2
1717674745516,10.3125,-48.15,-0.975,B,B2
1717674746505,9.918751,-48.131252,-0.7875,B,B2
1717674747512,9.543751,-47.662502,-0.63750005,B,B2
1717674748511,9.65625,-46.631252,-0.99375004,B,B2
1717674749519,9.806251,-45.5625,-1.2,B,B2
1717674750507,9.95625,-44.5125,-1.35,B,B2
1717674751517,10.33125,-43.36875,-1.7625,B,B2
1717674752504,11.25,-42.0,-3.9,B,B2
1717674753524,12.281251,-40.40625,-6.6375003,B,B2
1717674754505,13.668751,-38.925003,-9.356251,B,B2
1717674755525,15.000001,-37.93125,-12.150001,B,B2
1717674756510,15.843751,-37.4625,-14.137501,B,B2
1717674757522,16.63125,-37.125,-16.237501,B,B2
1717674758512,17.456251,-36.787502,-18.375,B,B2
1717674759923,18.018751,-36.54375,-20.25,B,B2
1717674760902,18.0,-36.581253,-20.34375,B,B2
1717674761922,18.2625,-36.768753,-19.087502,B,B2
1717674762904,17.681252,-36.9375,-16.25625,B,B2
1717674763919,16.875,-36.787502,-13.33125,B,B2
1717674764907,16.66875,-37.350002,-10.81875,B,B2
1717674765915,16.59375,-36.73125,-10.8,B,B2
1717674766905,15.1125,-34.29375,-13.1625,B,B2
1717674767916,13.593751,-31.725,-15.618751,B,B2
1717674768907,12.50625,-28.931252,-18.112501,B,B2
1717674959337,14.681251,-3.80625,-28.3875,C,C1
1717674960316,15.656251,-4.21875,-28.725,C,C1
1717674961332,15.7875,-3.0,-28.3875,C,C1
1717674962323,15.8625,-5.4,-27.712502,C,C1
1717674963331,15.750001,-7.275,-28.781252,C,C1
1717674964326,14.887501,-8.475,-30.225,C,C1
1717674965332,13.481251,-10.837501,-31.0125,C,C1
1717674966324,12.50625,-12.562501,-31.725,C,C1
1717674967332,11.38125,-15.075001,-32.850002,C,C1
1717674968324,10.05,-17.475,-33.862503,C,C1
1717674969333,8.868751,-20.2875,-35.025,C,C1
1717674970322,7.4812503,-21.393751,-36.693752,C,C1
1717674971324,6.05625,-22.087502,-37.331253,C,C1
1717674972325,5.4,-22.81875,-37.59375,C,C1
1717674973328,5.4375,-22.143751,-38.081253,C,C1
1717674974329,5.30625,-21.46875,-38.49375,C,C1
1717674975343,5.2125,-20.868752,-38.831253,C,C1
1717674976341,5.1375003,-20.175001,-39.2625,C,C1
1717674977347,4.93125,-19.556252,-39.6375,C,C1
1717674978324,5.0062504,-19.29375,-39.7125,C,C1
1717674979345,5.175,-19.40625,-39.825,C,C1
1717674980340,5.3812504,-19.95,-39.5625,C,C1
1717674981346,6.2812505,-20.962502,-39.131252,C,C1
1717674982327,7.1625004,-22.21875,-38.4375,C,C1
1717674983334,7.36875,-23.34375,-37.78125,C,C1
1717674984326,7.4062505,-24.487501,-37.10625,C,C1
1717674985348,7.2937503,-25.706251,-36.45,C,C1
1717674986328,7.18125,-26.56875,-35.98125,C,C1
1717674987332,7.2937503,-27.112501,-35.5875,C,C1
1717674988323,7.1625004,-27.31875,-35.30625,C,C1
1717674989342,6.4125004,-27.225,-35.193752,C,C1
1717674990328,5.775,-26.925001,-35.30625,C,C1
1717674991340,5.775,-26.79375,-35.362503,C,C1
1717674992325,5.83125,-26.775002,-35.381252,C,C1
1717674993346,5.8875003,-26.7,-35.49375,C,C1
1717674995735,5.9812503,-26.79375,-35.5125,C,C1
1717674996708,5.925,-26.94375,-35.5125,C,C1
1717674997732,5.775,-27.018751,-35.550003,C,C1
1717674998709,5.30625,-27.018751,-35.71875,C,C1
1717674999729,4.875,-26.962502,-35.8125,C,C1
1717675000715,4.4812503,-26.98125,-35.9625,C,C1
1717675001728,4.14375,-26.925001,-36.075,C,C1
1717675002713,3.9750001,-26.85,-36.16875,C,C1
1717675004291,3.6750002,-26.868752,-36.09375,C,C1
1717675005532,3.35625,-26.868752,-36.131252,C,C1
1717675006509,3.1312501,-26.85,-36.24375,C,C1
1717675007535,3.1312501,-26.8875,-36.225002,C,C1
1717675008513,3.1125002,-26.8875,-36.24375,C,C1
1717675010229,3.0937502,-26.868752,-36.24375,C,C1
1717675011210,3.0937502,-26.8875,-36.2625,C,C1
1717675012230,3.0937502,-26.925001,-36.2625,C,C1
1717675013220,3.1312501,-26.906252,-36.375,C,C1
1717675014629,3.1875002,-26.925001,-36.393753,C,C1
1717675015932,3.24375,-26.94375,-36.35625,C,C1
1717675016913,3.3750002,-26.962502,-36.2625,C,C1
1717675017928,3.9375002,-27.337502,-35.850002,C,C1
1717675018916,4.275,-27.562502,-35.49375,C,C1
1717675019929,3.6000001,-27.900002,-35.100002,C,C1
1717675020915,2.34375,-28.48125,-34.48125,C,C1
1717675021916,0.65625,-29.7,-33.05625,C,C1
1717675022915,-1.03125,-31.143751,-31.406252,C,C1
1717675023918,-2.775,-32.60625,-29.7,C,C1
1717675024908,-4.5750003,-34.162502,-27.843752,C,C1
1717675025921,-6.61875,-35.568752,-26.268751,C,C1
1717675026920,-8.775001,-37.350002,-24.281252,C,C1
1717675027925,-10.35,-39.16875,-22.275002,C,C1
1717675028918,-11.34375,-40.518753,-20.8125,C,C1
1717675029932,-11.981251,-41.2125,-20.118752,C,C1
1717675030915,-12.58125,-41.71875,-19.63125,C,C1
1717675031931,-13.200001,-42.2625,-19.143751,C,C1
1717675032912,-13.725,-42.61875,-18.88125,C,C1
1717675033938,-14.56875,-42.862503,-18.65625,C,C1
1717675034912,-15.150001,-42.80625,-18.7875,C,C1
1717675035931,-15.31875,-42.61875,-18.900002,C,C1
1717675036919,-15.450001,-42.6375,-18.825,C,C1
1717675037933,-15.50625,-42.65625,-18.69375,C,C1
1717675038915,-15.618751,-42.65625,-18.65625,C,C1
1717675040228,-15.712501,-42.73125,-18.54375,C,C1
1717675041206,-15.637501,-42.80625,-18.16875,C,C1
1717675042223,-15.543751,-42.73125,-17.493752,C,C1
1717675043207,-15.50625,-42.318752,-16.78125,C,C1
1717675044221,-15.4125,-41.79375,-16.29375,C,C1
1717675045209,-15.281251,-41.34375,-15.69375,C,C1
1717675046223,-15.13125,-40.95,-15.056251,C,C1
1717675047210,-15.150001,-40.55625,-14.343751,C,C1
1717675048221,-15.337501,-39.881252,-13.9125,C,C1
1717675049211,-15.637501,-39.28125,-13.6125,C,C1
1717675050224,-15.7875,-38.8875,-13.5375,C,C1
1717675053813,-15.731251,-38.943752,-13.51875,C,C1
1717675055386,-15.675,-39.09375,-13.2375,C,C1
1717675056829,-15.69375,-39.15,-13.05,C,C1
1717675057804,-15.731251,-39.1875,-12.900001,C,C1
1717675059286,-15.6,-39.24375,-12.825001,C,C1
1717675060271,-15.281251,-39.525,-12.58125,C,C1
1717675062436,-15.093751,-39.675003,-12.168751,C,C1
1717675063990,-15.075001,-39.825,-12.056251,C,C1
1717675065212,-15.225,-39.787502,-11.868751,C,C1
1717675066205,-15.39375,-39.375,-11.606251,C,C1
1717675067227,-15.8625,-38.006252,-10.875,C,C1
1717675068202,-15.450001,-36.768753,-8.90625,C,C1
1717675069218,-12.375001,-35.643753,-6.5062504,C,C1
1717675070208,-7.9875,-33.46875,-5.5687504,C,C1
1717675071220,-3.3375,-31.181252,-5.0437503,C,C1
1717675072209,1.5187501,-28.743752,-4.2937503,C,C1
1717675073731,6.43125,-26.456251,-3.6375,C,C1
1717675074705,11.231251,-24.562502,-3.075,C,C1
1717675075713,16.3875,-23.60625,-2.9625,C,C1
1717675076713,20.71875,-22.48125,-4.0687504,C,C1
1717675078189,22.40625,-21.206251,-5.5875,C,C1
1717675081821,22.725,-20.962502,-5.775,C,C1
1717675082800,22.875,-20.85,-5.8500004,C,C1
1717675083823,22.893751,-20.775002,-5.9812503,C,C1
1717675084801,22.85625,-20.6625,-6.24375,C,C1
1717675085820,22.5,-21.243752,-6.6000004,C,C1
1717675086808,21.73125,-22.368752,-7.7250004,C,C1
1717675087822,20.868752,-23.587502,-8.700001,C,C1
1717675088806,19.9125,-24.54375,-9.993751,C,C1
1717675089814,18.993752,-25.3875,-11.306251,C,C1
1717675090802,18.056252,-26.41875,-12.562501,C,C1
1717675091826,17.15625,-27.45,-13.781251,C,C1
1717675092802,16.3875,-28.500002,-14.775001,C,C1
1717675094292,16.087502,-28.875002,-15.8625,C,C1
1717675097223,16.050001,-28.743752,-16.143751,C,C1
1717675098209,16.087502,-28.462502,-16.5,C,C1
1717675099227,16.10625,-28.44375,-16.575,C,C1
1717675100206,16.25625,-28.612501,-16.575,C,C1
1717675101229,16.3875,-28.500002,-17.23125,C,C1
1717675102215,16.556252,-28.125002,-18.6375,C,C1
1717675103220,16.3125,-28.0125,-20.175001,C,C1
1717675104210,14.418751,-28.556252,-20.4375,C,C1
1717675105219,10.9125,-29.212502,-20.962502,C,C1
1717675106208,9.1125,-30.2625,-21.0,C,C1
1717675107224,7.9875,-31.181252,-21.0,C,C1
1717675108205,7.05,-32.025,-20.962502,C,C1
1717675109228,6.24375,-32.98125,-20.306252,C,C1
1717675110207,5.3250003,-34.237503,-18.975,C,C1
1717675111220,4.8,-35.193752,-17.550001,C,C1
1717675112626,6.01875,-35.456253,-17.34375,C,C1
1717675115031,8.83125,-35.60625,-16.893751,C,C1
1717675115970,9.95625,-35.456253,-17.00625,C,C1
1717675117938,10.462501,-35.4375,-17.118752,C,C1
1717675120226,10.668751,-35.41875,-17.25,C,C1
1717675121206,10.70625,-35.4375,-17.34375,C,C1
1717675122188,10.856251,-35.475002,-17.38125,C,C1
1717675123732,11.137501,-35.4,-17.53125,C,C1
1717675125923,11.38125,-35.325,-17.643751,C,C1
1717675126907,11.83125,-35.0625,-18.075,C,C1
1717675127925,12.543751,-34.631252,-19.462502,C,C1
1717675128902,12.95625,-34.0875,-21.2625,C,C1
1717675129924,13.556251,-33.35625,-23.00625,C,C1
1717675130911,14.2875,-32.568752,-24.937502,C,C1
1717675131924,14.94375,-31.650002,-26.831251,C,C1
1717675133822,15.337501,-30.88125,-28.743752,C,C1
1717675134803,15.562501,-30.243752,-30.468752,C,C1
1717675135823,15.468751,-29.775002,-31.9125,C,C1
1717675136803,14.64375,-29.531252,-32.475002,C,C1
1717675137810,13.35,-29.268751,-32.86875,C,C1
1717675138807,11.85,-29.156252,-33.28125,C,C1
1717675139810,10.2375,-29.118752,-33.600002,C,C1
1717675140804,8.606251,-29.175001,-33.9,C,C1
1717675141807,7.0875,-29.268751,-34.125,C,C1
1717675142805,5.6062503,-29.212502,-34.443752,C,C1
1717675143814,4.3500004,-29.212502,-34.725002,C,C1
1717675145480,3.6562502,-29.118752,-35.081253,C,C1
1717675146506,3.4875002,-29.118752,-35.11875,C,C1
1717675147514,3.2250001,-29.250002,-35.175003,C,C1
1717675148813,2.8312502,-29.38125,-35.2125,C,C1
1717675149800,1.575,-29.6625,-35.11875,C,C1
1717675150822,-0.5625,-30.487501,-34.36875,C,C1
1717675151801,-2.625,-32.2125,-32.456253,C,C1
1717675152821,-4.4812503,-34.0875,-30.206251,C,C1
1717675153798,-6.3187504,-35.9625,-27.393751,C,C1
1717675154816,-7.7625003,-37.3125,-24.675001,C,C1
1717675155804,-9.1125,-38.49375,-21.91875,C,C1
1717675156819,-10.33125,-39.675003,-19.181252,C,C1
1717675157804,-10.668751,-40.6875,-16.5,C,C1
1717675158826,-10.181251,-41.2125,-14.531251,C,C1
1717675159800,-9.825001,-40.8375,-13.70625,C,C1
1717675160817,-9.6,-40.275,-13.25625,C,C1
1717675161801,-9.5625,-39.73125,-13.14375,C,C1
1717675162820,-9.637501,-39.600002,-12.843751,C,C1
1717675163806,-9.88125,-39.45,-12.13125,C,C1
1717675164820,-9.337501,-39.037502,-10.200001,C,C1
1717675165800,-7.0875,-37.912502,-8.2875,C,C1
1717675166818,-3.6375,-35.60625,-7.6125,C,C1
1717675167802,-0.075,-33.206253,-7.1062503,C,C1
1717675168819,3.4875002,-30.7875,-6.6375003,C,C1
1717675169800,7.1062503,-28.406252,-6.3375,C,C1
1717675170816,10.59375,-26.2875,-5.9625,C,C1
1717675171799,14.175,-24.281252,-6.01875,C,C1
1717675172817,16.95,-22.556252,-7.2562504,C,C1
1717675173804,17.60625,-21.5625,-8.64375,C,C1
1717675329910,22.35,-11.19375,-11.493751,C,C2
1717675330907,22.556252,-10.14375,-17.456251,C,C2
1717675331904,22.706251,-12.900001,-19.743752,C,C2
1717675332904,22.03125,-13.9125,-21.69375,C,C2
1717675333909,18.956251,-12.69375,-24.018751,C,C2
1717675334897,13.06875,-12.6,-24.6375,C,C2
1717675335922,7.65,-13.406251,-23.868752,C,C2
1717675336917,3.15,-13.9125,-23.081251,C,C2
1717675337924,-3.0187502,-14.437501,-24.056252,C,C2
1717675338916,-9.01875,-15.31875,-23.6625,C,C2
1717675339919,-14.981251,-15.093751,-23.025002,C,C2
1717675340910,-20.53125,-15.31875,-21.806252,C,C2
1717675341911,-24.4125,-16.650002,-19.9125,C,C2
1717675342917,-25.3875,-17.41875,-18.69375,C,C2
1717675343920,-25.35,-17.400002,-18.6,C,C2
1717675344907,-24.956251,-17.41875,-18.768751,C,C2
1717675345920,-24.656252,-17.681252,-18.712502,C,C2
1717675346918,-24.487501,-17.90625,-18.525002,C,C2
1717675347915,-24.35625,-18.225,-18.31875,C,C2
1717675348918,-24.018751,-18.581251,-17.8125,C,C2
1717675349910,-23.6625,-19.143751,-16.95,C,C2
1717675350902,-23.5125,-19.6875,-16.237501,C,C2
1717675351919,-23.5125,-20.025002,-15.900001,C,C2
1717675352900,-23.0625,-19.35,-16.81875,C,C2
1717675353922,-21.13125,-18.4125,-18.54375,C,C2
1717675354898,-16.650002,-18.243752,-21.0,C,C2
1717675355921,-11.26875,-18.84375,-23.1375,C,C2
1717675356901,-6.01875,-19.7625,-25.3875,C,C2
1717675357919,-0.95625,-20.456251,-28.06875,C,C2
1717675358902,4.0125003,-21.0,-30.862501,C,C2
1717675359918,9.150001,-21.675001,-33.412502,C,C2
1717675360898,14.043751,-23.41875,-34.612503,C,C2
1717675361920,17.681252,-25.575,-34.55625,C,C2
1717675362898,18.7875,-27.0375,-33.9,C,C2
1717675363922,18.956251,-27.562502,-33.6375,C,C2
1717675364904,19.050001,-27.468752,-33.7125,C,C2
1717675365922,19.368752,-27.431252,-33.65625,C,C2
1717675366903,19.9125,-27.862501,-33.075,C,C2
1717675367919,20.025002,-29.79375,-30.806252,C,C2
1717675368900,18.056252,-32.662502,-27.337502,C,C2
1717675369923,15.075001,-35.53125,-24.112501,C,C2
1717675370900,11.981251,-38.25,-21.056252,C,C2
1717675371920,8.90625,-40.95,-18.112501,C,C2
1717675372897,5.7937503,-43.59375,-15.168751,C,C2
1717675373914,2.5875,-46.3125,-12.13125,C,C2
1717675374903,-0.71250004,-48.7125,-9.262501,C,C2
1717675375916,-3.7125,-49.66875,-7.9125004,C,C2
1717675376903,-4.74375,-49.631252,-7.8562503,C,C2
1717675377909,-5.0625,-49.48125,-7.93125,C,C2
1717675378898,-5.3250003,-49.406254,-7.70625,C,C2
1717675379921,-5.68125,-49.312504,-7.4812503,C,C2
1717675380899,-5.9625,-49.256252,-7.33125,C,C2
1717675381919,-6.2625003,-49.18125,-7.1625004,C,C2
1717675382904,-6.3750005,-49.10625,-7.0875,C,C2
1717675384626,-6.3562503,-49.125004,-7.05,C,C2
1717675385602,-6.3562503,-49.143753,-6.95625,C,C2
1717675386630,-6.3187504,-49.18125,-6.8812504,C,C2
1717675388227,-6.3187504,-49.18125,-6.8625,C,C2
1717675389200,-6.39375,-49.218754,-6.675,C,C2
1717675390219,-6.675,-49.237503,-6.3375,C,C2
1717675391208,-6.20625,-49.0125,-6.0,C,C2
1717675392220,-4.74375,-48.35625,-5.9625,C,C2
1717675393208,-2.0062501,-47.100002,-6.9187503,C,C2
1717675394219,1.3312501,-45.61875,-8.6625,C,C2
1717675395204,5.025,-43.575,-11.025001,C,C2
1717675396227,8.231251,-40.162502,-14.7375,C,C2
1717675397204,10.8,-36.3375,-19.03125,C,C2
1717675398225,13.51875,-32.5125,-23.362501,C,C2
1717675399203,15.375001,-28.9125,-27.88125,C,C2
1717675400223,16.087502,-25.687502,-32.2125,C,C2
1717675401208,15.468751,-23.081251,-35.4,C,C2
1717675402214,14.26875,-20.71875,-37.85625,C,C2
1717675403205,12.637501,-18.88125,-39.768753,C,C2
1717675404217,11.55,-18.431252,-40.3125,C,C2
1717675405204,11.19375,-18.393751,-40.40625,C,C2
1717675406222,10.59375,-18.243752,-40.65,C,C2
1717675407200,10.05,-18.206251,-40.800003,C,C2
1717675408222,9.84375,-18.2625,-40.85625,C,C2
1717675409199,9.69375,-18.431252,-40.95,C,C2
1717675410222,9.4875,-18.6375,-41.23125,C,C2
1717675411207,9.262501,-18.956251,-41.1375,C,C2
1717675412213,8.231251,-19.3125,-41.568752,C,C2
1717675413203,6.80625,-19.81875,-42.318752,C,C2
1717675414223,4.18125,-20.4375,-42.61875,C,C2
1717675415204,0.22500001,-21.243752,-41.90625,C,C2
1717675416225,-3.7500002,-22.59375,-41.34375,C,C2
1717675417200,-7.275,-25.143751,-40.21875,C,C2
1717675418221,-10.650001,-27.337502,-39.2625,C,C2
1717675419206,-13.031251,-28.725,-39.46875,C,C2
1717675420223,-14.625001,-30.187502,-39.131252,C,C2
1717675421209,-15.712501,-31.518751,-38.475002,C,C2
1717675422213,-15.356251,-32.775,-38.193752,C,C2
1717675423202,-13.687501,-33.91875,-38.775,C,C2
1717675424222,-12.13125,-34.48125,-39.28125,C,C2
1717675425202,-10.931251,-33.7125,-40.36875,C,C2
1717675426223,-9.8625,-33.28125,-41.0625,C,C2
1717675427209,-9.712501,-33.54375,-40.95,C,C2
1717675429631,-9.6,-33.693752,-40.95,C,C2
1717675430607,-9.525001,-33.80625,-40.893753,C,C2
1717675432026,-9.4125,-33.91875,-40.893753,C,C2
1717675433004,-9.337501,-33.91875,-40.912502,C,C2
1717675434831,-9.225,-33.9375,-41.04375,C,C2
1717675435672,-9.243751,-33.84375,-40.875,C,C2
1717675436689,-9.262501,-33.84375,-40.93125,C,C2
1717675438216,-9.31875,-33.825,-40.95,C,C2
1717675439207,-9.450001,-33.768753,-40.74375,C,C2
1717675440227,-9.75,-33.768753,-40.55625,C,C2
1717675441300,-10.03125,-33.787502,-40.36875,C,C2
1717675442300,-10.03125,-33.9,-40.275,C,C2
1717675443325,-10.087501,-33.956253,-39.975002,C,C2
1717675444990,-10.012501,-34.068752,-40.0875,C,C2
1717675446109,-10.06875,-34.125,-39.9375,C,C2
1717675447392,-10.125,-34.2,-39.84375,C,C2
1717675448375,-10.125,-34.36875,-39.881252,C,C2
1717675449396,-10.106251,-34.48125,-39.768753,C,C2
1717675450375,-10.05,-34.706253,-40.0125,C,C2
1717675451520,-10.5375,-34.55625,-39.9,C,C2
1717675452506,-11.887501,-34.0875,-39.768753,C,C2
1717675454721,-13.70625,-33.61875,-39.5625,C,C2
1717675455708,-15.356251,-33.1875,-39.581253,C,C2
1717675456725,-17.025002,-32.53125,-39.862503,C,C2
1717675457704,-18.712502,-31.66875,-40.5,C,C2
1717675458723,-20.5125,-30.993752,-41.34375,C,C2
1717675459705,-22.3125,-30.375002,-41.662502,C,C2
1717675460725,-23.775002,-30.16875,-42.225002,C,C2
1717675461711,-24.300001,-30.2625,-42.84375,C,C2
1717675462719,-24.300001,-30.487501,-43.125,C,C2
1717675463708,-24.112501,-30.993752,-42.956253,C,C2
1717675464722,-23.41875,-32.193752,-42.2625,C,C2
1717675465708,-21.45,-34.350002,-40.612503,C,C2
1717675466724,-18.35625,-36.54375,-38.850002,C,C2
1717675467704,-15.337501,-38.568752,-37.21875,C,C2
1717675468727,-12.4125,-40.4625,-35.60625,C,C2
1717675469711,-9.58125,-42.45,-34.03125,C,C2
1717675470725,-6.9187503,-44.41875,-32.737503,C,C2
1717675471712,-4.5,-46.03125,-31.650002,C,C2
1717675472723,-2.60625,-47.175003,-30.806252,C,C2
1717675473708,-1.9875001,-47.5125,-30.54375,C,C2
1717675474995,-2.325,-47.643753,-30.300001,C,C2
1717675475977,-2.53125,-47.68125,-30.187502,C,C2
1717675477116,-2.8125,-47.850002,-30.093752,C,C2
1717675478433,-3.0375001,-47.9625,-30.093752,C,C2
1717675479677,-3.1125002,-47.943752,-30.13125,C,C2
1717675480677,-3.2062502,-47.943752,-30.112501,C,C2
1717675482489,-3.35625,-47.98125,-30.243752,C,C2
1717675483476,-3.35625,-47.925003,-30.31875,C,C2
1717675484489,-3.3937502,-48.0,-30.431252,C,C2
1717675485473,-3.54375,-48.112503,-30.35625,C,C2
1717675486485,-3.5812502,-48.206253,-30.337502,C,C2
1717675487476,-3.54375,-48.187504,-30.243752,C,C2
1717675488490,-3.6000001,-48.2625,-30.187502,C,C2
1717675489476,-3.6375,-48.187504,-30.16875,C,C2
1717675490487,-3.5812502,-48.075,-30.075,C,C2
1717675491475,-3.525,-48.05625,-30.056252,C,C2
1717675492488,-3.43125,-47.98125,-30.018751,C,C2
1717675493475,-3.3000002,-47.8875,-30.075,C,C2
1717675494488,-3.05625,-47.737503,-30.187502,C,C2
1717675495474,-3.0375001,-47.71875,-30.243752,C,C2
1717675497186,-3.075,-47.662502,-30.4125,C,C2
1717675498167,-2.9625,-47.7,-30.562502,C,C2
1717675499187,-2.98125,-47.71875,-30.337502,C,C2
1717675500170,-2.9437501,-47.831253,-30.281252,C,C2
1717675501184,-3.05625,-47.925003,-30.281252,C,C2
1717675502175,-3.05625,-47.90625,-30.35625,C,C2
1717675503187,-3.0937502,-47.756252,-30.13125,C,C2
1717675504169,-3.05625,-47.737503,-29.962502,C,C2
1717675505184,-2.98125,-47.643753,-29.8875,C,C2
1717675506931,-4.18125,-47.53125,-29.79375,C,C2
1717675507910,-6.2625003,-47.568752,-28.462502,C,C2
1717675508930,-8.606251,-47.100002,-26.41875,C,C2
1717675509915,-11.175,-45.05625,-25.575,C,C2
1717675510928,-14.343751,-42.84375,-24.69375,C,C2
1717675511916,-17.53125,-40.143753,-23.90625,C,C2
1717675512930,-20.081251,-36.300003,-23.94375,C,C2
1717675513911,-22.237501,-31.368752,-24.35625,C,C2
1717675514932,-23.362501,-26.41875,-23.94375,C,C2
1717675515910,-23.85,-22.518751,-24.093752,C,C2
1717675516925,-23.90625,-19.725,-24.4125,C,C2
1717675517908,-23.41875,-18.768751,-23.7,C,C2
1717675518927,-22.425001,-18.056252,-22.875,C,C2
1717675519915,-21.46875,-17.98125,-22.25625,C,C2
1717675520927,-21.09375,-18.84375,-20.90625,C,C2
1717675521914,-21.09375,-20.94375,-18.956251,C,C2
1717675522919,-21.243752,-22.96875,-17.8125,C,C2
1717675762949,-15.39375,-26.250002,-23.8125,D,D1
1717675763959,-15.468751,-26.831251,-27.243752,D,D1
1717675764958,-16.66875,-26.79375,-28.3875,D,D1
1717675765951,-16.518751,-28.95,-27.056252,D,D1
1717675766958,-16.35,-31.0125,-24.73125,D,D1
1717675767951,-14.981251,-33.28125,-21.91875,D,D1
1717675768967,-14.025001,-35.04375,-19.78125,D,D1
1717675769971,-12.918751,-36.3375,-18.018751,D,D1
1717675770968,-10.650001,-38.60625,-15.731251,D,D1
1717675771962,-7.5750003,-40.725002,-12.3,D,D1
1717675772978,-3.4125001,-42.99375,-8.700001,D,D1
1717675773964,1.29375,-43.59375,-6.9750004,D,D1
1717675774968,6.3,-42.525,-7.9500003,D,D1
1717675775955,9.0,-39.75,-11.625,D,D1
1717675776964,11.700001,-36.506252,-15.675,D,D1
1717675777962,14.043751,-33.1875,-19.85625,D,D1
1717675778964,15.281251,-30.000002,-24.056252,D,D1
1717675779953,15.468751,-26.8875,-28.725,D,D1
1717675780966,14.6625,-23.90625,-33.65625,D,D1
1717675781950,12.750001,-21.6375,-37.3875,D,D1
1717675782969,9.28125,-20.8875,-39.24375,D,D1
1717675783966,6.20625,-21.54375,-38.9625,D,D1
1717675784966,2.15625,-23.268751,-37.3875,D,D1
1717675785947,-1.85625,-25.331251,-35.475002,D,D1
1717675786971,-5.7937503,-27.525002,-33.581253,D,D1
1717675787953,-9.39375,-29.6625,-31.406252,D,D1
1717675788966,-12.637501,-31.63125,-29.025002,D,D1
1717675789954,-15.750001,-33.46875,-26.98125,D,D1
1717675790970,-17.6625,-34.95,-25.087502,D,D1
1717675791948,-18.581251,-36.075,-23.6625,D,D1
1717675792974,-18.46875,-36.45,-23.268751,D,D1
1717675793948,-18.5625,-36.35625,-23.41875,D,D1
1717675794968,-18.712502,-36.075,-23.550001,D,D1
1717675795955,-18.862501,-35.71875,-23.90625,D,D1
1717675796966,-18.91875,-35.550003,-24.31875,D,D1
1717675797952,-18.768751,-35.268753,-24.750002,D,D1
1717675798965,-18.35625,-34.818752,-25.218752,D,D1
1717675799952,-18.16875,-34.706253,-25.143751,D,D1
1717675800972,-18.0,-34.7625,-24.806252,D,D1
1717675801946,-18.1875,-34.65,-24.618752,D,D1
1717675802974,-18.73125,-34.612503,-24.018751,D,D1
1717675803954,-19.10625,-34.275,-23.925001,D,D1
1717675804962,-19.5375,-34.2,-23.41875,D,D1
1717675805953,-20.081251,-34.29375,-22.575,D,D1
1717675806966,-20.831251,-34.612503,-21.768751,D,D1
1717675807951,-21.337502,-34.612503,-21.46875,D,D1
1717675808973,-21.862501,-34.4625,-21.300001,D,D1
1717675809952,-21.900002,-34.706253,-20.94375,D,D1
1717675810965,-21.4125,-35.025,-20.925001,D,D1
1717675811948,-21.1875,-35.71875,-20.212502,D,D1
1717675812965,-21.0,-36.075,-19.78125,D,D1
1717675813956,-20.625,-36.84375,-19.181252,D,D1
1717675814960,-19.25625,-38.15625,-17.8125,D,D1
1717675815954,-16.650002,-39.43125,-16.725,D,D1
1717675816961,-13.200001,-40.4625,-16.1625,D,D1
1717675817948,-8.981251,-40.8375,-16.125,D,D1
1717675818964,-4.5,-40.818752,-16.7625,D,D1
1717675819950,0.01875,-40.6875,-17.681252,D,D1
1717675820968,4.4812503,-40.518753,-18.6,D,D1
1717675821958,8.71875,-39.862503,-19.875,D,D1
1717675822963,11.962501,-38.60625,-21.91875,D,D1
1717675823953,13.931251,-37.40625,-23.643751,D,D1
1717675824964,15.056251,-36.375,-24.937502,D,D1
1717675825953,15.39375,-35.943752,-25.612501,D,D1
1717675826969,15.468751,-35.86875,-25.612501,D,D1
1717675827948,15.4875,-35.86875,-25.500002,D,D1
1717675828964,15.50625,-35.775,-25.612501,D,D1
1717675829947,15.450001,-35.71875,-25.781252,D,D1
1717675830965,15.1125,-35.643753,-25.893751,D,D1
1717675831952,14.775001,-35.5875,-26.118752,D,D1
1717675832948,14.45625,-35.5875,-26.19375,D,D1
1717675833953,14.156251,-35.643753,-26.400002,D,D1
1717675834966,13.8,-35.7,-26.6625,D,D1
1717675836323,13.5375,-35.756252,-26.85,D,D1
1717675837304,13.275001,-35.775,-27.0375,D,D1
1717675838321,13.181251,-35.71875,-26.906252,D,D1
1717675839303,13.293751,-35.86875,-26.8875,D,D1
1717675840322,12.993751,-36.54375,-26.175001,D,D1
1717675841307,13.012501,-37.162502,-25.500002,D,D1
1717675842321,12.843751,-37.987503,-24.69375,D,D1
1717675843306,12.50625,-38.756252,-24.112501,D,D1
1717675844316,12.3,-39.3375,-23.625,D,D1
1717675845304,11.90625,-39.99375,-23.19375,D,D1
1717675846324,11.15625,-40.331253,-23.15625,D,D1
1717675847300,9.9375,-39.9,-22.95,D,D1
1717675848323,9.1125,-39.131252,-22.85625,D,D1
1717675849309,7.7625003,-38.49375,-22.837502,D,D1
1717675850319,5.7000003,-37.18125,-23.34375,D,D1
1717675851308,3.4687502,-35.831253,-23.56875,D,D1
1717675852323,1.1437501,-34.612503,-23.737501,D,D1
1717675853303,-1.06875,-33.525,-23.6625,D,D1
1717675854324,-3.075,-32.831253,-23.362501,D,D1
1717675855304,-4.6312504,-32.831253,-23.081251,D,D1
1717675856308,-5.30625,-33.16875,-23.212502,D,D1
1717675857299,-5.83125,-34.10625,-22.66875,D,D1
1717675858323,-6.6375003,-36.206253,-20.962502,D,D1
1717675859305,-7.1250005,-38.4,-19.425001,D,D1
1717675860317,-7.5375004,-40.612503,-17.625,D,D1
1717675861307,-7.93125,-42.65625,-15.937501,D,D1
1717675862319,-8.306251,-44.71875,-14.418751,D,D1
1717675863303,-8.793751,-46.6875,-12.88125,D,D1
1717675864320,-10.2375,-47.8125,-11.400001,D,D1
1717675865301,-11.6625,-48.187504,-10.9125,D,D1
1717675866323,-11.587501,-47.381252,-12.637501,D,D1
1717675867312,-10.78125,-46.21875,-14.400001,D,D1
1717675868319,-8.85,-43.612503,-17.681252,D,D1
1717675869305,-7.36875,-38.456253,-22.1625,D,D1
1717675870322,-6.15,-32.49375,-26.643751,D,D1
1717675871304,-4.65,-25.81875,-31.143751,D,D1
1717675872325,-2.98125,-19.03125,-35.568752,D,D1
1717675873302,-1.2750001,-12.093751,-39.675003,D,D1
1717675874323,0.075,-5.5875,-42.225002,D,D1
1717675875272,0.80625004,0.45000002,-44.71875,D,D1
1717675876628,0.375,5.025,-45.787502,D,D1
1717675878325,0.5625,7.1062503,-45.768753,D,D1
1717675880130,1.10625,8.306251,-45.600002,D,D1
1717675881104,1.5562501,8.793751,-45.45,D,D1
1717675881987,1.9312501,8.83125,-45.375,D,D1
1717675883826,2.34375,8.7375,-45.43125,D,D1
1717675884804,2.775,8.625,-45.300003,D,D1
1717675885824,3.1125002,8.512501,-45.1875,D,D1
1717675886805,3.35625,8.475,-45.037502,D,D1
1717675889028,3.6750002,8.45625,-45.018753,D,D1
1717675890005,3.7500002,8.512501,-45.09375,D,D1
1717675891020,4.0875,7.8375,-45.15,D,D1
1717675892004,5.2312503,6.6375003,-45.018753,D,D1
1717675893022,5.5875,5.625,-44.925003,D,D1
1717675894010,4.9875,4.78125,-45.05625,D,D1
1717675895020,2.98125,3.2625,-44.662502,D,D1
1717675896009,0.46875003,0.90000004,-44.193752,D,D1
1717675897013,-2.34375,-1.5187501,-43.575,D,D1
1717675898006,-4.9875,-4.0125003,-42.956253,D,D1
1717675899028,-7.9687505,-5.7937503,-42.300003,D,D1
1717675900003,-11.71875,-6.9375005,-41.7,D,D1
1717675901023,-15.50625,-8.1,-40.631252,D,D1
1717675902012,-18.16875,-9.825001,-39.73125,D,D1
1717675903022,-19.40625,-11.587501,-38.925003,D,D1
1717675904008,-19.63125,-13.14375,-38.175003,D,D1
1717675905023,-19.706251,-15.20625,-36.881252,D,D1
1717675906007,-18.7875,-17.831251,-35.625,D,D1
1717675907026,-17.268751,-20.8125,-34.125,D,D1
1717675908004,-15.8625,-23.8875,-32.662502,D,D1
1717675909027,-13.425,-27.243752,-31.48125,D,D1
1717675910004,-11.1,-30.225,-30.16875,D,D1
1717675911024,-8.793751,-32.41875,-29.175001,D,D1
1717675912010,-7.0875,-34.03125,-28.331251,D,D1
1717675913023,-5.53125,-35.23125,-27.900002,D,D1
1717675914005,-5.3625,-35.5125,-27.6375,D,D1
1717675915024,-5.9437504,-35.30625,-27.656252,D,D1
1717675916006,-6.1125,-35.287502,-27.562502,D,D1
1717675917021,-5.8125,-35.0625,-27.431252,D,D1
1717675918003,-4.9500003,-34.29375,-27.393751,D,D1
1717675919024,-4.125,-33.28125,-27.50625,D,D1
1717675920008,-3.15,-32.2125,-27.712502,D,D1
1717675921023,-2.1375,-30.956251,-28.0125,D,D1
1717675922008,-0.69375,-30.075,-28.10625,D,D1
1717675923022,0.975,-29.343752,-28.218752,D,D1
1717675924004,2.3812501,-28.312502,-28.5375,D,D1
1717675925025,3.0,-27.4125,-28.968752,D,D1
1717675926003,3.0,-27.0375,-29.268751,D,D1
1717675927719,3.05625,-26.962502,-29.343752,D,D1
1717675929827,3.05625,-26.94375,-29.325,D,D1
1717675930976,3.0187502,-26.962502,-29.41875,D,D1
1717675933632,3.1125002,-26.962502,-29.306252,D,D1
1717675934613,3.2062502,-26.94375,-29.250002,D,D1
1717675935633,3.2062502,-26.94375,-29.118752,D,D1
1717675937427,3.2625,-26.962502,-28.85625,D,D1
1717675938619,3.2625,-26.98125,-28.462502,D,D1
1717675939611,3.1875002,-26.94375,-28.25625,D,D1
1717675940636,3.0937502,-26.906252,-28.218752,D,D1
1717675941933,3.075,-26.906252,-28.1625,D,D1
1717675943429,2.7562501,-26.85,-28.237501,D,D1
1717675944410,2.2875001,-27.2625,-28.2,D,D1
1717675945428,1.25625,-28.25625,-28.1625,D,D1
1717675946419,-0.54375005,-29.00625,-28.44375,D,D1
1717675947429,-2.1750002,-29.98125,-28.687502,D,D1
1717675948415,-3.6937501,-30.91875,-28.7625,D,D1
1717675950730,-5.175,-31.95,-28.81875,D,D1
1717675951709,-6.6562505,-32.90625,-28.7625,D,D1
1717675953631,-7.9687505,-33.9375,-28.725,D,D1
1717675954609,-9.168751,-34.48125,-28.875002,D,D1
1717675956323,-9.806251,-34.3875,-28.95,D,D1
1717675957306,-9.731251,-34.537502,-28.9125,D,D1
1717675958323,-9.75,-34.518753,-29.00625,D,D1
1717675959305,-9.918751,-34.5,-29.118752,D,D1
1717675960929,-10.06875,-34.40625,-29.175001,D,D1
1717675962114,-10.200001,-34.36875,-29.250002,D,D1
1717675963108,-10.33125,-34.256252,-29.325,D,D1
1717675964131,-10.425,-34.18125,-29.250002,D,D1
1717675965107,-10.5,-34.125,-29.325,D,D1
1717675966290,-10.5375,-34.050003,-29.493752,D,D1
1717675967794,-10.6125,-33.975002,-29.400002,D,D1
1717675968777,-10.6875,-33.862503,-29.325,D,D1
1717675970325,-10.856251,-33.768753,-29.362501,D,D1
1717675971309,-11.512501,-33.35625,-29.306252,D,D1
1717675972333,-12.843751,-31.706251,-29.400002,D,D1
1717675973306,-14.250001,-28.987501,-29.812502,D,D1
1717675974328,-15.525001,-26.00625,-30.31875,D,D1
1717675975313,-16.7625,-23.0625,-30.750002,D,D1
1717675976325,-17.98125,-20.175001,-31.406252,D,D1
1717675977315,-19.125,-17.2875,-32.100002,D,D1
1717675978322,-20.19375,-14.400001,-32.5875,D,D1
1717675979316,-20.75625,-11.8125,-33.225002,D,D1
1717675980327,-20.737501,-10.5375,-33.525,D,D1
1717676170622,14.043751,-32.550003,-6.3,D,D2
1717676171625,13.968751,-32.850002,-8.08125,D,D2
1717676172627,13.968751,-31.143751,-9.01875,D,D2
1717676173619,13.725,-30.16875,-9.431251,D,D2
1717676174625,13.743751,-28.66875,-10.5,D,D2
1717676175617,13.125001,-28.368752,-11.400001,D,D2
1717676176629,12.20625,-28.425001,-11.868751,D,D2
1717676177622,11.34375,-28.331251,-12.20625,D,D2
1717676178628,10.3125,-27.750002,-13.425,D,D2
1717676179622,9.337501,-27.112501,-14.137501,D,D2
1717676180632,8.2875,-27.056252,-14.606251,D,D2
1717676181634,7.425,-27.13125,-15.337501,D,D2
1717676182643,6.58125,-27.750002,-15.056251,D,D2
1717676183632,6.3187504,-27.7875,-14.343751,D,D2
1717676184635,6.8812504,-27.13125,-14.400001,D,D2
1717676185629,7.8187504,-25.5375,-15.975,D,D2
1717676186637,7.9875,-22.575,-18.393751,D,D2
1717676187635,8.25,-19.48125,-20.90625,D,D2
1717676188636,8.56875,-16.518751,-23.475,D,D2
1717676189620,8.71875,-13.406251,-25.85625,D,D2
1717676190643,8.45625,-10.275001,-28.837502,D,D2
1717676191618,8.1,-7.1250005,-32.100002,D,D2
1717676192638,7.33125,-4.4437504,-34.7625,D,D2
1717676193617,6.4875,-2.9250002,-35.831253,D,D2
1717676194637,6.43125,-2.625,-35.90625,D,D2
1717676195624,6.58125,-2.49375,-35.850002,D,D2
1717676196635,7.18125,-3.2250001,-34.987503,D,D2
1717676197621,8.962501,-5.4750004,-33.206253,D,D2
1717676198640,10.40625,-9.375,-31.81875,D,D2
1717676199620,11.512501,-13.837501,-30.618752,D,D2
1717676200639,13.6125,-18.112501,-29.531252,D,D2
1717676201617,16.44375,-20.212502,-29.6625,D,D2
1717676202635,17.925001,-19.48125,-30.581251,D,D2
1717676203624,19.0125,-18.31875,-31.237501,D,D2
1717676204640,19.59375,-16.331251,-33.09375,D,D2
1717676205623,18.993752,-13.031251,-36.393753,D,D2
1717676207733,18.9375,-8.15625,-39.206253,D,D2
1717676209735,19.1625,-2.8125,-41.831253,D,D2
1717676211531,18.4125,2.30625,-44.34375,D,D2
1717676213619,16.6875,5.26875,-45.75,D,D2
1717676214603,16.425001,5.3812504,-46.21875,D,D2
1717676215623,16.40625,5.15625,-47.0625,D,D2
1717676216599,16.44375,4.9875,-47.550003,D,D2
1717676217621,16.612501,4.9500003,-47.456253,D,D2
1717676218604,16.875,4.875,-47.34375,D,D2
1717676220083,17.1375,4.8562503,-47.34375,D,D2
1717676221427,17.456251,4.89375,-47.287502,D,D2
1717676222989,17.831251,5.025,-47.04375,D,D2
1717676224491,18.0375,4.9875,-47.081253,D,D2
1717676225704,17.925001,4.9125004,-47.11875,D,D2
1717676226918,17.737501,4.89375,-47.25,D,D2
1717676227901,17.5125,4.875,-47.30625,D,D2
1717676228928,17.15625,4.8562503,-47.456253,D,D2
1717676229902,15.13125,4.8375,-47.643753,D,D2
1717676230921,10.012501,2.775,-46.96875,D,D2
1717676231909,4.59375,-1.2,-45.65625,D,D2
1717676232914,-0.75,-5.3625,-44.1375,D,D2
1717676233904,-5.925,-9.431251,-42.6375,D,D2
1717676234931,-11.043751,-13.5375,-41.0625,D,D2
1717676235906,-16.1625,-17.60625,-39.5625,D,D2
1717676236929,-21.150002,-21.69375,-37.93125,D,D2
1717676237901,-24.487501,-25.800001,-36.15,D,D2
1717676238923,-24.7875,-27.88125,-35.25,D,D2
1717676239908,-24.69375,-28.031252,-35.15625,D,D2
1717676240908,-24.675001,-27.91875,-35.175003,D,D2
1717676241909,-24.712502,-27.862501,-35.1375,D,D2
1717676242911,-24.562502,-27.768751,-34.425003,D,D2
1717676243903,-24.45,-27.73125,-33.581253,D,D2
1717676244929,-24.6375,-28.031252,-32.925003,D,D2
1717676245905,-24.975,-28.3875,-32.49375,D,D2
1717676246928,-25.10625,-27.35625,-32.5125,D,D2
1717676247912,-23.90625,-24.150002,-33.675003,D,D2
1717676248921,-21.825,-20.118752,-34.96875,D,D2
1717676249907,-19.48125,-16.0125,-36.318752,D,D2
1717676250923,-17.15625,-11.925,-38.34375,D,D2
1717676251903,-14.793751,-7.8187504,-40.575,D,D2
1717676252928,-12.13125,-3.3375,-42.54375,D,D2
1717676253903,-9.262501,1.1625,-44.381252,D,D2
1717676254918,-6.5625005,4.3125,-45.80625,D,D2
1717676255904,-5.2875004,5.30625,-46.0125,D,D2
1717676256921,-4.8375,5.4187503,-46.03125,D,D2
1717676257910,-4.65,5.45625,-46.068752,D,D2
1717676258922,-4.6312504,5.4375,-46.068752,D,D2
1717676260392,-4.55625,5.4750004,-46.125,D,D2
1717676261828,-4.4437504,5.3812504,-46.256252,D,D2
1717676262805,-4.4437504,5.25,-46.256252,D,D2
1717676263825,-4.40625,5.175,-46.29375,D,D2
1717676264805,-4.2937503,5.11875,-46.331253,D,D2
1717676265822,-4.125,5.1000004,-46.350002,D,D2
1717676266810,-3.2625,5.2875004,-46.425003,D,D2
1717676267826,-0.35625002,4.7250004,-46.18125,D,D2
1717676268808,4.0687504,3.15,-45.131252,D,D2
1717676269824,8.625,1.40625,-43.93125,D,D2
1717676270807,13.200001,-0.1875,-42.768753,D,D2
1717676271822,17.75625,-1.85625,-41.625,D,D2
1717676272803,22.29375,-3.6000001,-40.443752,D,D2
1717676273826,26.718752,-5.4187503,-39.318752,D,D2
1717676274811,30.243752,-9.31875,-37.3875,D,D2
1717676275826,27.956251,-15.356251,-34.237503,D,D2
1717676276808,22.5,-19.81875,-32.287502,D,D2
1717676277819,18.91875,-24.056252,-30.243752,D,D2
1717676278805,18.50625,-24.91875,-29.5125,D,D2
1717676279826,17.400002,-23.41875,-29.906252,D,D2
1717676280806,15.225,-21.5625,-30.712502,D,D2
1717676281826,13.1625,-19.63125,-31.462502,D,D2
1717676282813,11.2875,-15.825001,-32.9625,D,D2
1717676283825,13.2375,-9.09375,-36.018753,D,D2
1717676284807,16.7625,-2.90625,-38.625,D,D2
1717676286385,18.28125,3.3187501,-41.5125,D,D2
1717676287731,16.650002,6.1125,-43.0875,D,D2
1717676288710,15.656251,6.525,-43.518753,D,D2
1717676289731,15.656251,6.6000004,-43.537502,D,D2
1717676291327,15.637501,6.61875,-43.631252,D,D2
1717676292309,15.618751,6.6562505,-43.6875,D,D2
1717676293326,15.618751,6.7125,-43.66875,D,D2
1717676294305,15.4875,6.8437505,-43.6875,D,D2
1717676295327,15.187501,7.0312505,-43.78125,D,D2
1717676296313,14.925,7.18125,-43.987503,D,D2
1717676297325,14.45625,7.33125,-44.381252,D,D2
1717676298312,13.51875,7.425,-44.8125,D,D2
1717676299322,11.8125,7.2562504,-45.16875,D,D2
1717676300309,9.637501,6.6562505,-45.6375,D,D2
1717676301330,7.3500004,6.0375004,-46.0875,D,D2
1717676302308,5.175,5.2312503,-46.518753,D,D2
1717676303327,3.075,4.4437504,-46.800003,D,D2
1717676304314,0.82500005,3.6375,-46.96875,D,D2
1717676305327,-1.1812501,2.8312502,-46.96875,D,D2
1717676306312,-2.5500002,2.0625,-46.96875,D,D2
1717676307322,-3.16875,1.575,-47.006252,D,D2
1717676308309,-3.2625,1.5375,-46.987503,D,D2
1717676309325,-3.3375,1.5562501,-46.95,D,D2
1717676310834,-3.3375,1.5937501,-46.912502,D,D2
1717676311909,-3.2250001,1.63125,-46.912502,D,D2
1717676312908,-3.1312501,1.725,-46.912502,D,D2
1717676313933,-3.15,1.8750001,-46.912502,D,D2
1717676314909,-3.2812502,1.95,-46.912502,D,D2
1717676315924,-3.525,2.0812502,-46.818752,D,D2
1717676316916,-4.8187504,1.9125,-46.331253,D,D2
1717676317922,-6.43125,1.0500001,-44.98125,D,D2
1717676318912,-7.70625,-0.3375,-42.768753,D,D2
1717676319923,-9.31875,-2.79375,-40.443752,D,D2
1717676320912,-9.450001,-6.8250003,-37.3875,D,D2
1717676321930,-8.25,-11.00625,-34.256252,D,D2
1717676322907,-6.8437505,-14.981251,-30.431252,D,D2
1717676323930,-5.3250003,-19.050001,-26.587502,D,D2
1717676325834,-2.9250002,-22.95,-23.98125,D,D2
1717676326811,-0.16875,-26.156252,-22.237501,D,D2
1717676328636,2.23125,-28.85625,-21.35625,D,D2
1717676329384,4.9125004,-30.45,-20.56875,D,D2
1717676330628,6.2625003,-30.525002,-20.5125,D,D2
1717676331611,6.39375,-30.50625,-20.5125,D,D2
1717676332636,6.2812505,-30.54375,-21.206251,D,D2
1717676335124,6.1312504,-30.656252,-21.975,D,D2
1717676337428,6.1125,-30.618752,-22.0125,D,D2
1717676338922,6.1125,-30.618752,-22.0125,D,D2
1717676340830,6.15,-30.581251,-21.993752,D,D2
1717676341816,6.1875005,-30.562502,-21.956251,D,D2
1717676342577,6.24375,-30.54375,-21.975,D,D2
1717676344733,6.3187504,-30.581251,-21.975,D,D2
1717676345705,6.61875,-30.45,-21.956251,D,D2
1717676346724,7.3875003,-29.812502,-21.7875,D,D2
1717676347704,8.681251,-28.837502,-21.1875,D,D2
1717676348718,9.525001,-29.23125,-21.13125,D,D2
1717676349713,9.75,-30.281252,-21.375,D,D2
1717676350715,9.712501,-31.593752,-21.6375,D,D2
1717676351711,9.58125,-32.90625,-21.9375,D,D2
1717676352712,9.431251,-34.143753,-22.29375,D,D2
1717676353706,9.056251,-35.49375,-22.5375,D,D2
1717676355628,8.212501,-37.3875,-23.1375,D,D2
1717676356607,6.8437505,-39.6375,-24.0375,D,D2
1717676357623,5.9437504,-40.48125,-24.431252,D,D2
1717676358604,5.64375,-40.706253,-24.487501,D,D2
1717676359627,5.5125003,-40.66875,-24.6375,D,D2
1717676361521,5.4375,-40.631252,-24.750002,D,D2
1717676363629,5.4187503,-40.612503,-24.825,D,D2
1717676365690,5.4750004,-40.612503,-25.087502,D,D2
1717676368430,5.4750004,-40.575,-25.06875,D,D2
1717676371328,5.2875004,-40.59375,-25.143751,D,D2
1717676372297,3.7687502,-40.3125,-25.35,D,D2
1717676373319,0.5625,-37.912502,-25.0125,D,D2
1717676374303,-2.025,-33.91875,-25.35,D,D2
1717676375315,-4.5,-30.0375,-26.1,D,D2
1717676376308,-6.95625,-27.6375,-26.156252,D,D2
1717676377328,-8.75625,-26.250002,-25.837502,D,D2
1717676378308,-10.40625,-24.7875,-25.687502,D,D2
1717676379327,-11.90625,-23.23125,-25.518751,D,D2
1717676380304,-12.13125,-21.993752,-25.218752,D,D2
1717676381321,-10.63125,-22.85625,-25.48125,D,D2
1717676382303,-9.618751,-25.368752,-25.087502,D,D2
1717676384122,-8.75625,-27.712502,-24.225,D,D2
1717676385104,-7.89375,-28.575,-24.018751,D,D2
1717676386124,-7.8,-28.500002,-24.150002,D,D2
1717676387105,-7.7812505,-28.462502,-24.16875,D,D2
1717676388120,-8.175,-28.781252,-23.53125,D,D2
